{
  "dataset_tag": "LT1B Real SAR (Lutan scene)",
  "master": "/home/ysdong/Temp/lutan/output/dinsar_output/01_multilook/master_ml.vrt",
  "slave": "/home/ysdong/Temp/lutan/output/dinsar_output/01_multilook/slave_ml.vrt",
  "best": {
    "window_size": 512,
    "search_range": 128,
    "runtime_sec": 0.0441007070003252,
    "azimuth_offset": -4.546875,
    "range_offset": 22.90625,
    "average_correlation": 38.08492018588536,
    "azimuth_std": 5.332018372237196,
    "range_std": 2.0060942307130043,
    "consistency": 7.338112602950201,
    "num_windows": 4,
    "window_offsets": [
      [
        1.0,
        25.125
      ],
      [
        0.5625,
        20.875
      ],
      [
        -9.6875,
        24.6875
      ],
      [
        -10.0625,
        20.9375
      ]
    ],
    "correlations": [
      34.443831069387926,
      48.143096059413764,
      38.575393092946,
      31.177360521793744
    ],
    "score": 0.9391711084406761
  },
  "recommended": {
    "window_size": 384,
    "search_range": 96,
    "runtime_sec": 0.023607069000718184,
    "azimuth_offset": -4.671875,
    "range_offset": 22.71875,
    "average_correlation": 37.336348817696084,
    "azimuth_std": 5.117443934414426,
    "range_std": 2.040842733406962,
    "consistency": 7.158286667821388,
    "num_windows": 4,
    "window_offsets": [
      [
        0.8125,
        24.875
      ],
      [
        0.0625,
        20.4375
      ],
      [
        -9.625,
        24.625
      ],
      [
        -9.9375,
        20.9375
      ]
    ],
    "correlations": [
      32.61299502042103,
      46.43505748523834,
      35.795858073899886,
      34.50148469122507
    ],
    "score": 0.916517645070719
  },
  "results": [
    {
      "window_size": 128,
      "search_range": 32,
      "runtime_sec": 0.007871571000578115,
      "azimuth_offset": -9.8125,
      "range_offset": 7.953125,
      "average_correlation": 29.95189670143322,
      "azimuth_std": 12.052375932777736,
      "range_std": 21.81453137926357,
      "consistency": 33.866907312041306,
      "num_windows": 4,
      "window_offsets": [
        [
          -1.625,
          22.375
        ],
        [
          0.5,
          20.8125
        ],
        [
          -29.9375,
          -29.75
        ],
        [
          -8.1875,
          18.375
        ]
      ],
      "correlations": [
        36.82230373886992,
        35.821362217133384,
        14.686487635350447,
        32.47743321437914
      ],
      "score": 0.09898683415534543
    },
    {
      "window_size": 192,
      "search_range": 48,
      "runtime_sec": 0.007016667000243615,
      "azimuth_offset": -4.46875,
      "range_offset": 22.890625,
      "average_correlation": 35.586224430495676,
      "azimuth_std": 5.290856647320923,
      "range_std": 1.9225100576785028,
      "consistency": 7.213366704999426,
      "num_windows": 4,
      "window_offsets": [
        [
          1.0625,
          24.875
        ],
        [
          0.5625,
          20.9375
        ],
        [
          -9.375,
          24.75
        ],
        [
          -10.125,
          21.0
        ]
      ],
      "correlations": [
        31.83492843008171,
        42.40022066508826,
        34.45621020341979,
        33.65353842339296
      ],
      "score": 0.8202045444903349
    },
    {
      "window_size": 256,
      "search_range": 64,
      "runtime_sec": 0.011410604999582574,
      "azimuth_offset": -4.65625,
      "range_offset": 22.640625,
      "average_correlation": 36.826552136297636,
      "azimuth_std": 5.192486308359416,
      "range_std": 1.9567466422291364,
      "consistency": 7.149232950588552,
      "num_windows": 4,
      "window_offsets": [
        [
          0.8125,
          24.75
        ],
        [
          0.25,
          20.625
        ],
        [
          -9.6875,
          24.4375
        ],
        [
          -10.0,
          20.75
        ]
      ],
      "correlations": [
        28.56010666357266,
        45.925882143538374,
        34.574814621768496,
        38.24540511631103
      ],
      "score": 0.8975182482353088
    },
    {
      "window_size": 384,
      "search_range": 96,
      "runtime_sec": 0.023607069000718184,
      "azimuth_offset": -4.671875,
      "range_offset": 22.71875,
      "average_correlation": 37.336348817696084,
      "azimuth_std": 5.117443934414426,
      "range_std": 2.040842733406962,
      "consistency": 7.158286667821388,
      "num_windows": 4,
      "window_offsets": [
        [
          0.8125,
          24.875
        ],
        [
          0.0625,
          20.4375
        ],
        [
          -9.625,
          24.625
        ],
        [
          -9.9375,
          20.9375
        ]
      ],
      "correlations": [
        32.61299502042103,
        46.43505748523834,
        35.795858073899886,
        34.50148469122507
      ],
      "score": 0.916517645070719
    },
    {
      "window_size": 512,
      "search_range": 128,
      "runtime_sec": 0.0441007070003252,
      "azimuth_offset": -4.546875,
      "range_offset": 22.90625,
      "average_correlation": 38.08492018588536,
      "azimuth_std": 5.332018372237196,
      "range_std": 2.0060942307130043,
      "consistency": 7.338112602950201,
      "num_windows": 4,
      "window_offsets": [
        [
          1.0,
          25.125
        ],
        [
          0.5625,
          20.875
        ],
        [
          -9.6875,
          24.6875
        ],
        [
          -10.0625,
          20.9375
        ]
      ],
      "correlations": [
        34.443831069387926,
        48.143096059413764,
        38.575393092946,
        31.177360521793744
      ],
      "score": 0.9391711084406761
    },
    {
      "window_size": 640,
      "search_range": 160,
      "runtime_sec": 0.05462422700020397,
      "azimuth_offset": -4.515625,
      "range_offset": 22.875,
      "average_correlation": 37.957969759758775,
      "azimuth_std": 5.267711011138994,
      "range_std": 2.0024399179500993,
      "consistency": 7.270150929089093,
      "num_windows": 4,
      "window_offsets": [
        [
          0.9375,
          25.0
        ],
        [
          0.5625,
          20.8125
        ],
        [
          -9.6875,
          24.75
        ],
        [
          -9.875,
          20.9375
        ]
      ],
      "correlations": [
        34.70753160441346,
        46.59466306024018,
        39.65935898570525,
        30.870325388676196
      ],
      "score": 0.9192295125339346
    },
    {
      "window_size": 768,
      "search_range": 192,
      "runtime_sec": 0.09139614000014262,
      "azimuth_offset": -4.53125,
      "range_offset": 22.875,
      "average_correlation": 38.30366755148373,
      "azimuth_std": 5.223426048820831,
      "range_std": 2.003902442735175,
      "consistency": 7.227328491556006,
      "num_windows": 4,
      "window_offsets": [
        [
          0.9375,
          25.0
        ],
        [
          0.4375,
          20.75
        ],
        [
          -9.5625,
          24.75
        ],
        [
          -9.9375,
          21.0
        ]
      ],
      "correlations": [
        38.20105009921753,
        45.172175546044144,
        39.734903659750735,
        30.1065409009225
      ],
      "score": 0.8989769528975904
    }
  ]
}